"YY","GEAR_CODE","FLAG_CODE","FLEET_CODE","SP_CODE","SP_NAME","SP_MT"
1963,"O","NP",NA,"ALB","ALBACORE",4050
1964,"O","NP",NA,"ALB","ALBACORE",5596
1965,"O","NP",NA,"ALB","ALBACORE",6619
1966,"O","NP",NA,"ALB","ALBACORE",8115
1967,"O","NP",NA,"ALB","ALBACORE",11534
1968,"O","NP",NA,"ALB","ALBACORE",10430
1969,"O","NP",NA,"ALB","ALBACORE",5187
1970,"O","NP",NA,"ALB","ALBACORE",1703
1971,"O","NP",NA,"ALB","ALBACORE",5931
1972,"O","NP",NA,"ALB","ALBACORE",10480
1973,"O","NP",NA,"ALB","ALBACORE",2318
1974,"O","NP",NA,"ALB","ALBACORE",7004
1975,"O","NP",NA,"ALB","ALBACORE",5738
1976,"O","NP",NA,"ALB","ALBACORE",552
1979,"O","NP",NA,"ALB","ALBACORE",2461
1980,"O","NP",NA,"ALB","ALBACORE",2083
1981,"O","NP",NA,"ALB","ALBACORE",119
1982,"O","NP",NA,"ALB","ALBACORE",972
1983,"O","NP",NA,"ALB","ALBACORE",802
1984,"O","NP",NA,"ALB","ALBACORE",1454
1985,"O","NP",NA,"ALB","ALBACORE",1765
1986,"O","NP",NA,"ALB","ALBACORE",909
1987,"O","NP",NA,"ALB","ALBACORE",677
1988,"O","NP",NA,"ALB","ALBACORE",5996
1989,"O","NP",NA,"ALB","ALBACORE",15154
1990,"O","NP",NA,"ALB","ALBACORE",18784
1991,"O","NP",NA,"ALB","ALBACORE",5840
1992,"O","NP",NA,"ALB","ALBACORE",8738
1993,"O","NP",NA,"ALB","ALBACORE",3157
1994,"O","NP",NA,"ALB","ALBACORE",4088
1995,"O","NP",NA,"ALB","ALBACORE",5572
1996,"O","NP",NA,"ALB","ALBACORE",14762
1997,"O","NP",NA,"ALB","ALBACORE",14773
1998,"O","NP",NA,"ALB","ALBACORE",12185
1999,"O","NP",NA,"ALB","ALBACORE",12282
2000,"O","NP",NA,"ALB","ALBACORE",14062
2001,"O","NP",NA,"ALB","ALBACORE",4875
2002,"O","NP",NA,"ALB","ALBACORE",13040
2003,"O","NP",NA,"ALB","ALBACORE",4364
2004,"O","NP",NA,"ALB","ALBACORE",2789
2005,"O","NP",NA,"ALB","ALBACORE",5096
2006,"O","NP",NA,"ALB","ALBACORE",2990
2007,"O","NP",NA,"ALB","ALBACORE",1533
2008,"O","NP",NA,"ALB","ALBACORE",4104
2009,"O","NP",NA,"ALB","ALBACORE",6850
2010,"O","NP",NA,"ALB","ALBACORE",6103
2011,"O","NP",NA,"ALB","ALBACORE",1440
2012,"O","NP",NA,"ALB","ALBACORE",540
2013,"O","NP",NA,"ALB","ALBACORE",2404
2014,"O","NP",NA,"ALB","ALBACORE",1461
2015,"O","NP",NA,"ALB","ALBACORE",628
2016,"O","NP",NA,"ALB","ALBACORE",1094
2019,"O","NP",NA,"ALB","ALBACORE",898
2021,"O","NP",NA,"ALB","ALBACORE",3705
2022,"O","NP",NA,"ALB","ALBACORE",6054
1950,"O","EP",NA,"SKJ","SKIPJACK TUNA",1299
1950,"O","EP",NA,"YFT","YELLOWFIN TUNA",879
1951,"O","EP",NA,"SKJ","SKIPJACK TUNA",1109
1951,"O","EP",NA,"YFT","YELLOWFIN TUNA",727
1952,"O","EP",NA,"ALB","ALBACORE",1373
1952,"O","EP",NA,"SKJ","SKIPJACK TUNA",905
1952,"O","EP",NA,"YFT","YELLOWFIN TUNA",1067
1953,"O","EP",NA,"ALB","ALBACORE",171
1954,"O","EP",NA,"ALB","ALBACORE",147
1954,"O","EP",NA,"SKJ","SKIPJACK TUNA",2
1955,"O","EP",NA,"ALB","ALBACORE",577
1955,"O","EP",NA,"SKJ","SKIPJACK TUNA",2
1956,"O","EP",NA,"ALB","ALBACORE",482
1957,"O","EP",NA,"ALB","ALBACORE",304
1957,"O","EP",NA,"SKJ","SKIPJACK TUNA",13
1958,"O","EP",NA,"ALB","ALBACORE",48
1958,"O","EP",NA,"SKJ","SKIPJACK TUNA",31
1959,"O","EP",NA,"SKJ","SKIPJACK TUNA",915
1959,"O","EP",NA,"YFT","YELLOWFIN TUNA",670
1960,"O","EP",NA,"ALB","ALBACORE",663
1960,"O","EP",NA,"SKJ","SKIPJACK TUNA",481
1960,"O","EP",NA,"YFT","YELLOWFIN TUNA",458
1961,"O","EP",NA,"ALB","ALBACORE",2143
1961,"O","EP",NA,"SKJ","SKIPJACK TUNA",428
1961,"O","EP",NA,"YFT","YELLOWFIN TUNA",949
1962,"O","EP",NA,"ALB","ALBACORE",1913
1962,"O","EP",NA,"SKJ","SKIPJACK TUNA",503
1962,"O","EP",NA,"YFT","YELLOWFIN TUNA",706
1963,"O","EP",NA,"ALB","ALBACORE",2381
1963,"O","EP",NA,"SKJ","SKIPJACK TUNA",2389
1963,"O","EP",NA,"YFT","YELLOWFIN TUNA",688
1964,"O","EP",NA,"ALB","ALBACORE",970
1964,"O","EP",NA,"SKJ","SKIPJACK TUNA",3609
1964,"O","EP",NA,"YFT","YELLOWFIN TUNA",738
1965,"O","EP",NA,"ALB","ALBACORE",978
1965,"O","EP",NA,"SKJ","SKIPJACK TUNA",1046
1965,"O","EP",NA,"YFT","YELLOWFIN TUNA",312
1966,"O","EP",NA,"ALB","ALBACORE",607
1966,"O","EP",NA,"SKJ","SKIPJACK TUNA",1960
1966,"O","EP",NA,"YFT","YELLOWFIN TUNA",507
1967,"O","EP",NA,"ALB","ALBACORE",961
1967,"O","EP",NA,"SKJ","SKIPJACK TUNA",5038
1967,"O","EP",NA,"YFT","YELLOWFIN TUNA",1534
1968,"O","EP",NA,"ALB","ALBACORE",1108
1968,"O","EP",NA,"SKJ","SKIPJACK TUNA",10128
1968,"O","EP",NA,"YFT","YELLOWFIN TUNA",3241
1969,"O","EP",NA,"ALB","ALBACORE",366
1969,"O","EP",NA,"SKJ","SKIPJACK TUNA",11904
1969,"O","EP",NA,"YFT","YELLOWFIN TUNA",1866
1970,"O","EP",NA,"ALB","ALBACORE",891
1970,"O","EP",NA,"SKJ","SKIPJACK TUNA",7234
1970,"O","EP",NA,"YFT","YELLOWFIN TUNA",4850
1971,"O","EP",NA,"ALB","ALBACORE",1251
1971,"O","EP",NA,"BET","BIGEYE TUNA",18
1971,"O","EP",NA,"SKJ","SKIPJACK TUNA",6702
1971,"O","EP",NA,"YFT","YELLOWFIN TUNA",2482
1972,"O","EP",NA,"ALB","ALBACORE",1089
1972,"O","EP",NA,"SKJ","SKIPJACK TUNA",1144
1972,"O","EP",NA,"YFT","YELLOWFIN TUNA",1060
1973,"O","EP",NA,"ALB","ALBACORE",84
1973,"O","EP",NA,"SKJ","SKIPJACK TUNA",638
1973,"O","EP",NA,"YFT","YELLOWFIN TUNA",661
1974,"O","EP",NA,"ALB","ALBACORE",94
1974,"O","EP",NA,"SKJ","SKIPJACK TUNA",510
1974,"O","EP",NA,"YFT","YELLOWFIN TUNA",1230
1975,"O","EP",NA,"ALB","ALBACORE",640
1975,"O","EP",NA,"SKJ","SKIPJACK TUNA",526
1975,"O","EP",NA,"YFT","YELLOWFIN TUNA",567
1976,"O","EP",NA,"ALB","ALBACORE",989
1976,"O","EP",NA,"BET","BIGEYE TUNA",7
1976,"O","EP",NA,"SKJ","SKIPJACK TUNA",705
1976,"O","EP",NA,"YFT","YELLOWFIN TUNA",358
1977,"O","EP",NA,"ALB","ALBACORE",1518
1977,"O","EP",NA,"SKJ","SKIPJACK TUNA",1960
1977,"O","EP",NA,"YFT","YELLOWFIN TUNA",248
1978,"O","EP",NA,"ALB","ALBACORE",979
1978,"O","EP",NA,"SKJ","SKIPJACK TUNA",1324
1978,"O","EP",NA,"YFT","YELLOWFIN TUNA",1103
1979,"O","EP",NA,"ALB","ALBACORE",236
1979,"O","EP",NA,"BET","BIGEYE TUNA",1
1979,"O","EP",NA,"SKJ","SKIPJACK TUNA",1462
1979,"O","EP",NA,"YFT","YELLOWFIN TUNA",212
1980,"O","EP",NA,"ALB","ALBACORE",422
1980,"O","EP",NA,"BET","BIGEYE TUNA",130
1980,"O","EP",NA,"SKJ","SKIPJACK TUNA",1965
1980,"O","EP",NA,"YFT","YELLOWFIN TUNA",862
1981,"O","EP",NA,"ALB","ALBACORE",361
1981,"O","EP",NA,"BET","BIGEYE TUNA",7
1981,"O","EP",NA,"SKJ","SKIPJACK TUNA",930
1981,"O","EP",NA,"YFT","YELLOWFIN TUNA",800
1982,"O","EP",NA,"ALB","ALBACORE",614
1982,"O","EP",NA,"BET","BIGEYE TUNA",3
1982,"O","EP",NA,"SKJ","SKIPJACK TUNA",410
1982,"O","EP",NA,"YFT","YELLOWFIN TUNA",280
1983,"O","EP",NA,"ALB","ALBACORE",96
1983,"O","EP",NA,"BET","BIGEYE TUNA",37
1983,"O","EP",NA,"SKJ","SKIPJACK TUNA",737
1983,"O","EP",NA,"YFT","YELLOWFIN TUNA",849
1984,"O","EP",NA,"ALB","ALBACORE",5361
1984,"O","EP",NA,"BET","BIGEYE TUNA",11
1984,"O","EP",NA,"SKJ","SKIPJACK TUNA",868
1984,"O","EP",NA,"YFT","YELLOWFIN TUNA",344
1985,"O","EP",NA,"ALB","ALBACORE",1388
1985,"O","EP",NA,"BET","BIGEYE TUNA",15
1985,"O","EP",NA,"SKJ","SKIPJACK TUNA",227
1985,"O","EP",NA,"YFT","YELLOWFIN TUNA",212
1986,"O","EP",NA,"ALB","ALBACORE",392
1986,"O","EP",NA,"BET","BIGEYE TUNA",74
1986,"O","EP",NA,"SKJ","SKIPJACK TUNA",190
1986,"O","EP",NA,"YFT","YELLOWFIN TUNA",214
1987,"O","EP",NA,"ALB","ALBACORE",175
1987,"O","EP",NA,"BET","BIGEYE TUNA",49
1987,"O","EP",NA,"SKJ","SKIPJACK TUNA",214
1987,"O","EP",NA,"YFT","YELLOWFIN TUNA",138
1988,"O","EP",NA,"ALB","ALBACORE",81
1988,"O","EP",NA,"BET","BIGEYE TUNA",15
1988,"O","EP",NA,"SKJ","SKIPJACK TUNA",689
1988,"O","EP",NA,"YFT","YELLOWFIN TUNA",752
1989,"O","EP",NA,"ALB","ALBACORE",251
1989,"O","EP",NA,"BET","BIGEYE TUNA",1
1989,"O","EP",NA,"SKJ","SKIPJACK TUNA",1047
1989,"O","EP",NA,"YFT","YELLOWFIN TUNA",263
1990,"O","EP",NA,"ALB","ALBACORE",369
1990,"O","EP",NA,"BET","BIGEYE TUNA",59
1990,"O","EP",NA,"SKJ","SKIPJACK TUNA",1915
1990,"O","EP",NA,"YFT","YELLOWFIN TUNA",960
1991,"O","EP",NA,"ALB","ALBACORE",176
1991,"O","EP",NA,"BET","BIGEYE TUNA",25
1991,"O","EP",NA,"SKJ","SKIPJACK TUNA",1945
1991,"O","EP",NA,"YFT","YELLOWFIN TUNA",958
1992,"O","EP",NA,"ALB","ALBACORE",20
1992,"O","EP",NA,"BET","BIGEYE TUNA",13
1992,"O","EP",NA,"SKJ","SKIPJACK TUNA",1054
1992,"O","EP",NA,"YFT","YELLOWFIN TUNA",1958
1993,"O","EP",NA,"ALB","ALBACORE",44
1993,"O","EP",NA,"BET","BIGEYE TUNA",35
1993,"O","EP",NA,"SKJ","SKIPJACK TUNA",2317
1993,"O","EP",NA,"YFT","YELLOWFIN TUNA",3034
1994,"O","EP",NA,"ALB","ALBACORE",128
1994,"O","EP",NA,"BET","BIGEYE TUNA",806
1994,"O","EP",NA,"SKJ","SKIPJACK TUNA",804
1994,"O","EP",NA,"YFT","YELLOWFIN TUNA",1487
1995,"O","EP",NA,"ALB","ALBACORE",117
1995,"O","EP",NA,"BET","BIGEYE TUNA",1369
1995,"O","EP",NA,"SKJ","SKIPJACK TUNA",1988
1995,"O","EP",NA,"YFT","YELLOWFIN TUNA",2066
1996,"O","EP",NA,"ALB","ALBACORE",120
1996,"O","EP",NA,"BET","BIGEYE TUNA",748
1996,"O","EP",NA,"SKJ","SKIPJACK TUNA",1313
1996,"O","EP",NA,"YFT","YELLOWFIN TUNA",1639
1997,"O","EP",NA,"ALB","ALBACORE",1019
1997,"O","EP",NA,"BET","BIGEYE TUNA",20
1997,"O","EP",NA,"SKJ","SKIPJACK TUNA",231
1997,"O","EP",NA,"YFT","YELLOWFIN TUNA",600
1998,"O","EP",NA,"ALB","ALBACORE",1250
1998,"O","EP",NA,"BET","BIGEYE TUNA",628
1998,"O","EP",NA,"SKJ","SKIPJACK TUNA",531
1998,"O","EP",NA,"YFT","YELLOWFIN TUNA",1529
1999,"O","EP",NA,"ALB","ALBACORE",3675
1999,"O","EP",NA,"BET","BIGEYE TUNA",538
1999,"O","EP",NA,"SKJ","SKIPJACK TUNA",1594
1999,"O","EP",NA,"YFT","YELLOWFIN TUNA",2706
2000,"O","EP",NA,"ALB","ALBACORE",1801
2000,"O","EP",NA,"BET","BIGEYE TUNA",253
2000,"O","EP",NA,"SKJ","SKIPJACK TUNA",67
2000,"O","EP",NA,"YFT","YELLOWFIN TUNA",1109
2001,"O","EP",NA,"ALB","ALBACORE",1640
2001,"O","EP",NA,"BET","BIGEYE TUNA",19
2001,"O","EP",NA,"SKJ","SKIPJACK TUNA",34
2001,"O","EP",NA,"YFT","YELLOWFIN TUNA",520
2002,"O","EP",NA,"ALB","ALBACORE",2397
2002,"O","EP",NA,"BET","BIGEYE TUNA",12
2002,"O","EP",NA,"SKJ","SKIPJACK TUNA",119
2002,"O","EP",NA,"YFT","YELLOWFIN TUNA",549
2003,"O","EP",NA,"ALB","ALBACORE",2229
2003,"O","EP",NA,"BET","BIGEYE TUNA",21
2003,"O","EP",NA,"SKJ","SKIPJACK TUNA",2777
2003,"O","EP",NA,"YFT","YELLOWFIN TUNA",1145
2004,"O","EP",NA,"ALB","ALBACORE",1518
2004,"O","EP",NA,"BET","BIGEYE TUNA",194
2004,"O","EP",NA,"SKJ","SKIPJACK TUNA",1105
2004,"O","EP",NA,"YFT","YELLOWFIN TUNA",627
2005,"O","EP",NA,"ALB","ALBACORE",1746
2005,"O","EP",NA,"BET","BIGEYE TUNA",25
2005,"O","EP",NA,"SKJ","SKIPJACK TUNA",1780
2005,"O","EP",NA,"YFT","YELLOWFIN TUNA",1852
2006,"O","EP",NA,"ALB","ALBACORE",418
2006,"O","EP",NA,"BET","BIGEYE TUNA",40
2006,"O","EP",NA,"SKJ","SKIPJACK TUNA",986
2006,"O","EP",NA,"YFT","YELLOWFIN TUNA",1458
2007,"O","EP",NA,"ALB","ALBACORE",1315
2007,"O","EP",NA,"BET","BIGEYE TUNA",44
2007,"O","EP",NA,"SKJ","SKIPJACK TUNA",1065
2007,"O","EP",NA,"YFT","YELLOWFIN TUNA",1439
1950,"T","EP",NA,"ALB","ALBACORE",32746
1951,"T","EP",NA,"ALB","ALBACORE",15629
1952,"T","EP",NA,"ALB","ALBACORE",23843
1953,"T","EP",NA,"ALB","ALBACORE",15740
1954,"T","EP",NA,"ALB","ALBACORE",12246
1955,"T","EP",NA,"ALB","ALBACORE",13264
1956,"T","EP",NA,"ALB","ALBACORE",18751
1957,"T","EP",NA,"ALB","ALBACORE",21165
1958,"T","EP",NA,"ALB","ALBACORE",14855
1959,"T","EP",NA,"ALB","ALBACORE",20990
1960,"T","EP",NA,"ALB","ALBACORE",20100
1961,"T","EP",NA,"ALB","ALBACORE",12055
1962,"T","EP",NA,"ALB","ALBACORE",19752
1963,"T","EP",NA,"ALB","ALBACORE",25140
1964,"T","EP",NA,"ALB","ALBACORE",18388
1965,"T","EP",NA,"ALB","ALBACORE",16542
1966,"T","EP",NA,"ALB","ALBACORE",15333
1967,"T","EP",NA,"ALB","ALBACORE",17814
1968,"T","EP",NA,"ALB","ALBACORE",20434
1969,"T","EP",NA,"ALB","ALBACORE",18827
1970,"T","EP",NA,"ALB","ALBACORE",21032
1971,"T","EP",NA,"ALB","ALBACORE",20526
1972,"T","EP",NA,"ALB","ALBACORE",23600
1973,"T","EP",NA,"ALB","ALBACORE",15653
1974,"T","EP",NA,"ALB","ALBACORE",20178
1975,"T","EP",NA,"ALB","ALBACORE",18861
1976,"T","EP",NA,"ALB","ALBACORE",15905
1977,"T","EP",NA,"ALB","ALBACORE",9968
1978,"T","EP",NA,"ALB","ALBACORE",16613
1979,"T","EP",NA,"ALB","ALBACORE",4955
1980,"T","EP",NA,"ALB","ALBACORE",5421
1981,"T","EP",NA,"ALB","ALBACORE",12039
1982,"T","EP",NA,"ALB","ALBACORE",3303
1983,"T","EP",NA,"ALB","ALBACORE",7751
1984,"T","EP",NA,"ALB","ALBACORE",8343
1985,"T","EP",NA,"ALB","ALBACORE",5308
1986,"T","EP",NA,"ALB","ALBACORE",4356
1987,"T","EP",NA,"ALB","ALBACORE",2488
1988,"T","EP",NA,"ALB","ALBACORE",5485
1989,"T","EP",NA,"ALB","ALBACORE",2445
1990,"T","EP",NA,"ALB","ALBACORE",3775
1991,"T","EP",NA,"ALB","ALBACORE",2578
1992,"T","EP",NA,"ALB","ALBACORE",5720
1993,"T","EP",NA,"ALB","ALBACORE",4366
1994,"T","EP",NA,"ALB","ALBACORE",10015
1995,"T","EP",NA,"ALB","ALBACORE",7308
1996,"T","EP",NA,"ALB","ALBACORE",8289
1997,"T","EP",NA,"ALB","ALBACORE",6523
1998,"T","EP",NA,"ALB","ALBACORE",11947
1999,"T","EP",NA,"ALB","ALBACORE",10929
2000,"T","EP",NA,"ALB","ALBACORE",11654
2001,"T","EP",NA,"ALB","ALBACORE",12126
2002,"T","EP",NA,"ALB","ALBACORE",12056
2003,"T","EP",NA,"ALB","ALBACORE",18315
2004,"T","EP",NA,"ALB","ALBACORE",20641
2005,"T","EP",NA,"ALB","ALBACORE",13992
2006,"T","EP",NA,"ALB","ALBACORE",18736
2007,"T","EP",NA,"ALB","ALBACORE",18574
2008,"O","EP",NA,"ALB","ALBACORE",418
2008,"O","EP",NA,"BET","BIGEYE TUNA",28
2008,"O","EP",NA,"SKJ","SKIPJACK TUNA",1163
2008,"O","EP",NA,"YFT","YELLOWFIN TUNA",941
2008,"T","EP",NA,"ALB","ALBACORE",16147
2009,"T","EP",NA,"ALB","ALBACORE",16265
2009,"O","EP",NA,"ALB","ALBACORE",890
2009,"O","EP",NA,"BET","BIGEYE TUNA",15
2009,"O","EP",NA,"SKJ","SKIPJACK TUNA",1112
2009,"O","EP",NA,"YFT","YELLOWFIN TUNA",995
2010,"T","EP",NA,"ALB","ALBACORE",19161
2010,"O","EP",NA,"ALB","ALBACORE",1023
2010,"O","EP",NA,"BET","BIGEYE TUNA",1804
2010,"O","EP",NA,"SKJ","SKIPJACK TUNA",2964
2010,"O","EP",NA,"YFT","YELLOWFIN TUNA",2641
2011,"T","EP",NA,"ALB","ALBACORE",16382
2011,"O","EP",NA,"ALB","ALBACORE",678
2011,"O","EP",NA,"SKJ","SKIPJACK TUNA",851
2011,"O","EP",NA,"YFT","YELLOWFIN TUNA",806
2012,"T","EP",NA,"ALB","ALBACORE",16681
2012,"O","EP",NA,"ALB","ALBACORE",1432
2012,"O","EP",NA,"BET","BIGEYE TUNA",8
2012,"O","EP",NA,"SKJ","SKIPJACK TUNA",1040
2012,"O","EP",NA,"YFT","YELLOWFIN TUNA",1236
2013,"T","EP",NA,"ALB","ALBACORE",17422
2013,"O","EP",NA,"ALB","ALBACORE",1115
2013,"O","EP",NA,"BET","BIGEYE TUNA",17
2013,"O","EP",NA,"SKJ","SKIPJACK TUNA",774
2013,"O","EP",NA,"YFT","YELLOWFIN TUNA",865
2014,"T","EP",NA,"ALB","ALBACORE",17422
2014,"O","EP",NA,"ALB","ALBACORE",1115
2014,"O","EP",NA,"BET","BIGEYE TUNA",17
2014,"O","EP",NA,"SKJ","SKIPJACK TUNA",774
2014,"O","EP",NA,"YFT","YELLOWFIN TUNA",865
2015,"T","EP",NA,"ALB","ALBACORE",15986
2015,"O","EP",NA,"ALB","ALBACORE",1156
2015,"O","EP",NA,"BET","BIGEYE TUNA",21
2015,"O","EP",NA,"SKJ","SKIPJACK TUNA",1256
2015,"O","EP",NA,"YFT","YELLOWFIN TUNA",3583
2016,"T","EP",NA,"ALB","ALBACORE",13619
2016,"O","EP",NA,"ALB","ALBACORE",966
2016,"O","EP",NA,"BET","BIGEYE TUNA",22
2016,"O","EP",NA,"SKJ","SKIPJACK TUNA",717
2016,"O","EP",NA,"YFT","YELLOWFIN TUNA",2876
2017,"T","EP",NA,"ALB","ALBACORE",8871
2017,"O","EP",NA,"ALB","ALBACORE",592
2017,"O","EP",NA,"BET","BIGEYE TUNA",42
2017,"O","EP",NA,"SKJ","SKIPJACK TUNA",879
2017,"O","EP",NA,"YFT","YELLOWFIN TUNA",2685
2018,"O","EP",NA,"ALB","ALBACORE",702
2018,"O","EP",NA,"BET","BIGEYE TUNA",18
2018,"O","EP",NA,"SKJ","SKIPJACK TUNA",407
2018,"O","EP",NA,"YFT","YELLOWFIN TUNA",1412
2018,"T","EP",NA,"ALB","ALBACORE",10433
2019,"T","EP",NA,"ALB","ALBACORE",10167
2019,"O","EP",NA,"ALB","ALBACORE",1730
2019,"O","EP",NA,"BET","BIGEYE TUNA",18
2019,"O","EP",NA,"SKJ","SKIPJACK TUNA",408
2019,"O","EP",NA,"YFT","YELLOWFIN TUNA",1397
2020,"T","EP",NA,"ALB","ALBACORE",9873
2020,"O","EP",NA,"ALB","ALBACORE",453
2020,"O","EP",NA,"BET","BIGEYE TUNA",44
2020,"O","EP",NA,"SKJ","SKIPJACK TUNA",362
2020,"O","EP",NA,"YFT","YELLOWFIN TUNA",772
2021,"T","EP",NA,"ALB","ALBACORE",6610
2021,"T","EP",NA,"BET","BIGEYE TUNA",1
2021,"T","EP",NA,"SKJ","SKIPJACK TUNA",2
2021,"O","EP",NA,"ALB","ALBACORE",336
2021,"O","EP",NA,"BET","BIGEYE TUNA",5
2021,"O","EP",NA,"SKJ","SKIPJACK TUNA",9
2021,"O","EP",NA,"YFT","YELLOWFIN TUNA",82
2022,"T","EP",NA,"ALB","ALBACORE",6610
2022,"T","EP",NA,"BET","BIGEYE TUNA",1
2022,"T","EP",NA,"SKJ","SKIPJACK TUNA",2
2022,"O","EP",NA,"ALB","ALBACORE",336
2022,"O","EP",NA,"BET","BIGEYE TUNA",5
2022,"O","EP",NA,"SKJ","SKIPJACK TUNA",9
2022,"O","EP",NA,"YFT","YELLOWFIN TUNA",82
1950,"O","NP",NA,"ALB","ALBACORE",5835
1951,"O","NP",NA,"ALB","ALBACORE",6577
1952,"O","NP",NA,"ALB","ALBACORE",4572
1953,"O","NP",NA,"ALB","ALBACORE",4981
1954,"O","NP",NA,"ALB","ALBACORE",4672
1955,"O","NP",NA,"ALB","ALBACORE",3723
1956,"O","NP",NA,"ALB","ALBACORE",3105
1957,"O","NP",NA,"ALB","ALBACORE",5013
1958,"O","NP",NA,"ALB","ALBACORE",5442
1959,"O","NP",NA,"ALB","ALBACORE",4608
1960,"O","NP",NA,"ALB","ALBACORE",3139
1961,"O","NP",NA,"ALB","ALBACORE",6164
1962,"O","NP",NA,"ALB","ALBACORE",7093
1954,"L","EP",NA,"BET","BIGEYE TUNA",1610
1954,"L","EP",NA,"SKJ","SKIPJACK TUNA",1
1954,"L","EP",NA,"YFT","YELLOWFIN TUNA",209
1955,"L","EP",NA,"BET","BIGEYE TUNA",1810
1955,"L","EP",NA,"SKJ","SKIPJACK TUNA",2
1955,"L","EP",NA,"YFT","YELLOWFIN TUNA",427
1956,"L","EP",NA,"ALB","ALBACORE",305
1956,"L","EP",NA,"BET","BIGEYE TUNA",2408
1956,"L","EP",NA,"YFT","YELLOWFIN TUNA",967
1957,"L","EP",NA,"ALB","ALBACORE",692
1957,"L","EP",NA,"BET","BIGEYE TUNA",9698
1957,"L","EP",NA,"SKJ","SKIPJACK TUNA",13
1957,"L","EP",NA,"YFT","YELLOWFIN TUNA",5854
1958,"L","EP",NA,"ALB","ALBACORE",2005
1958,"L","EP",NA,"BET","BIGEYE TUNA",10592
1958,"L","EP",NA,"SKJ","SKIPJACK TUNA",31
1958,"L","EP",NA,"YFT","YELLOWFIN TUNA",4927
1959,"L","EP",NA,"ALB","ALBACORE",2617
1959,"L","EP",NA,"BET","BIGEYE TUNA",11515
1959,"L","EP",NA,"SKJ","SKIPJACK TUNA",32
1959,"L","EP",NA,"YFT","YELLOWFIN TUNA",3437
1960,"L","EP",NA,"ALB","ALBACORE",2668
1960,"L","EP",NA,"BET","BIGEYE TUNA",17722
1960,"L","EP",NA,"SKJ","SKIPJACK TUNA",28
1960,"L","EP",NA,"YFT","YELLOWFIN TUNA",5934
1961,"L","EP",NA,"ALB","ALBACORE",2842
1961,"L","EP",NA,"BET","BIGEYE TUNA",52431
1961,"L","EP",NA,"SKJ","SKIPJACK TUNA",46
1961,"L","EP",NA,"YFT","YELLOWFIN TUNA",12500
1962,"L","EP",NA,"ALB","ALBACORE",6534
1962,"L","EP",NA,"BET","BIGEYE TUNA",45050
1962,"L","EP",NA,"SKJ","SKIPJACK TUNA",45
1962,"L","EP",NA,"YFT","YELLOWFIN TUNA",10211
1963,"L","EP",NA,"ALB","ALBACORE",13616
1963,"L","EP",NA,"BET","BIGEYE TUNA",66617
1963,"L","EP",NA,"SKJ","SKIPJACK TUNA",185
1963,"L","EP",NA,"YFT","YELLOWFIN TUNA",18973
1964,"L","EP",NA,"ALB","ALBACORE",6765
1964,"L","EP",NA,"BET","BIGEYE TUNA",46279
1964,"L","EP",NA,"SKJ","SKIPJACK TUNA",102
1964,"L","EP",NA,"YFT","YELLOWFIN TUNA",16974
1965,"L","EP",NA,"ALB","ALBACORE",4258
1965,"L","EP",NA,"BET","BIGEYE TUNA",29164
1965,"L","EP",NA,"SKJ","SKIPJACK TUNA",252
1965,"L","EP",NA,"YFT","YELLOWFIN TUNA",15620
1966,"L","EP",NA,"ALB","ALBACORE",4366
1966,"L","EP",NA,"BET","BIGEYE TUNA",34800
1966,"L","EP",NA,"SKJ","SKIPJACK TUNA",241
1966,"L","EP",NA,"YFT","YELLOWFIN TUNA",9097
1967,"L","EP",NA,"ALB","ALBACORE",7975
1967,"L","EP",NA,"BET","BIGEYE TUNA",35878
1967,"L","EP",NA,"SKJ","SKIPJACK TUNA",146
1967,"L","EP",NA,"YFT","YELLOWFIN TUNA",9285
1968,"L","EP",NA,"ALB","ALBACORE",5136
1968,"L","EP",NA,"BET","BIGEYE TUNA",35233
1968,"L","EP",NA,"SKJ","SKIPJACK TUNA",240
1968,"L","EP",NA,"YFT","YELLOWFIN TUNA",14986
1969,"L","EP",NA,"ALB","ALBACORE",2749
1969,"L","EP",NA,"BET","BIGEYE TUNA",52071
1969,"L","EP",NA,"SKJ","SKIPJACK TUNA",227
1969,"L","EP",NA,"YFT","YELLOWFIN TUNA",15329
1970,"L","EP",NA,"ALB","ALBACORE",6504
1970,"L","EP",NA,"BET","BIGEYE TUNA",33341
1970,"L","EP",NA,"SKJ","SKIPJACK TUNA",164
1970,"L","EP",NA,"YFT","YELLOWFIN TUNA",12643
1971,"L","EP",NA,"ALB","ALBACORE",7495
1971,"L","EP",NA,"BET","BIGEYE TUNA",29804
1971,"L","EP",NA,"SKJ","SKIPJACK TUNA",187
1971,"L","EP",NA,"YFT","YELLOWFIN TUNA",8013
1972,"L","EP",NA,"ALB","ALBACORE",5821
1972,"L","EP",NA,"BET","BIGEYE TUNA",36128
1972,"L","EP",NA,"SKJ","SKIPJACK TUNA",242
1972,"L","EP",NA,"YFT","YELLOWFIN TUNA",16859
1973,"L","EP",NA,"ALB","ALBACORE",4554
1973,"L","EP",NA,"BET","BIGEYE TUNA",50777
1973,"L","EP",NA,"SKJ","SKIPJACK TUNA",207
1973,"L","EP",NA,"YFT","YELLOWFIN TUNA",11697
1974,"L","EP",NA,"ALB","ALBACORE",4456
1974,"L","EP",NA,"BET","BIGEYE TUNA",36961
1974,"L","EP",NA,"SKJ","SKIPJACK TUNA",95
1974,"L","EP",NA,"YFT","YELLOWFIN TUNA",7190
1975,"L","EP",NA,"ALB","ALBACORE",1369
1975,"L","EP",NA,"BET","BIGEYE TUNA",41733
1975,"L","EP",NA,"SKJ","SKIPJACK TUNA",94
1975,"L","EP",NA,"YFT","YELLOWFIN TUNA",10640
1976,"L","EP",NA,"ALB","ALBACORE",2506
1976,"L","EP",NA,"BET","BIGEYE TUNA",54290
1976,"L","EP",NA,"SKJ","SKIPJACK TUNA",131
1976,"L","EP",NA,"YFT","YELLOWFIN TUNA",15632
1977,"L","EP",NA,"ALB","ALBACORE",10578
1977,"L","EP",NA,"BET","BIGEYE TUNA",74086
1977,"L","EP",NA,"SKJ","SKIPJACK TUNA",112
1977,"L","EP",NA,"YFT","YELLOWFIN TUNA",12355
1978,"L","EP",NA,"ALB","ALBACORE",11939
1978,"L","EP",NA,"BET","BIGEYE TUNA",70659
1978,"L","EP",NA,"SKJ","SKIPJACK TUNA",61
1978,"L","EP",NA,"YFT","YELLOWFIN TUNA",10188
1979,"L","EP",NA,"ALB","ALBACORE",5583
1979,"L","EP",NA,"BET","BIGEYE TUNA",55435
1979,"L","EP",NA,"SKJ","SKIPJACK TUNA",33
1979,"L","EP",NA,"YFT","YELLOWFIN TUNA",11473
1980,"L","EP",NA,"ALB","ALBACORE",5319
1980,"L","EP",NA,"BET","BIGEYE TUNA",64335
1980,"L","EP",NA,"SKJ","SKIPJACK TUNA",26
1980,"L","EP",NA,"YFT","YELLOWFIN TUNA",13477
1981,"L","EP",NA,"ALB","ALBACORE",7275
1981,"L","EP",NA,"BET","BIGEYE TUNA",53416
1981,"L","EP",NA,"SKJ","SKIPJACK TUNA",20
1981,"L","EP",NA,"YFT","YELLOWFIN TUNA",7999
1982,"L","EP",NA,"ALB","ALBACORE",8407
1982,"L","EP",NA,"BET","BIGEYE TUNA",53365
1982,"L","EP",NA,"SKJ","SKIPJACK TUNA",28
1982,"L","EP",NA,"YFT","YELLOWFIN TUNA",10961
1983,"L","EP",NA,"ALB","ALBACORE",7433
1983,"L","EP",NA,"BET","BIGEYE TUNA",60043
1983,"L","EP",NA,"SKJ","SKIPJACK TUNA",28
1983,"L","EP",NA,"YFT","YELLOWFIN TUNA",10895
1984,"L","EP",NA,"ALB","ALBACORE",6712
1984,"L","EP",NA,"BET","BIGEYE TUNA",46394
1984,"L","EP",NA,"SKJ","SKIPJACK TUNA",32
1984,"L","EP",NA,"YFT","YELLOWFIN TUNA",10345
1985,"L","EP",NA,"ALB","ALBACORE",7268
1985,"L","EP",NA,"BET","BIGEYE TUNA",66325
1985,"L","EP",NA,"SKJ","SKIPJACK TUNA",44
1985,"L","EP",NA,"YFT","YELLOWFIN TUNA",13198
1986,"L","EP",NA,"ALB","ALBACORE",6450
1986,"L","EP",NA,"BET","BIGEYE TUNA",102425
1986,"L","EP",NA,"SKJ","SKIPJACK TUNA",58
1986,"L","EP",NA,"YFT","YELLOWFIN TUNA",22808
1987,"L","EP",NA,"ALB","ALBACORE",9994
1987,"L","EP",NA,"BET","BIGEYE TUNA",100121
1987,"L","EP",NA,"SKJ","SKIPJACK TUNA",37
1987,"L","EP",NA,"YFT","YELLOWFIN TUNA",18911
1988,"L","EP",NA,"ALB","ALBACORE",9934
1988,"L","EP",NA,"BET","BIGEYE TUNA",72758
1988,"L","EP",NA,"SKJ","SKIPJACK TUNA",26
1988,"L","EP",NA,"YFT","YELLOWFIN TUNA",14660
1989,"L","EP",NA,"ALB","ALBACORE",6784
1989,"L","EP",NA,"BET","BIGEYE TUNA",70963
1989,"L","EP",NA,"SKJ","SKIPJACK TUNA",28
1989,"L","EP",NA,"YFT","YELLOWFIN TUNA",17032
1990,"L","EP",NA,"ALB","ALBACORE",6536
1990,"L","EP",NA,"BET","BIGEYE TUNA",98871
1990,"L","EP",NA,"SKJ","SKIPJACK TUNA",41
1990,"L","EP",NA,"YFT","YELLOWFIN TUNA",34633
1991,"L","EP",NA,"ALB","ALBACORE",7893
1991,"L","EP",NA,"BET","BIGEYE TUNA",104195
1991,"L","EP",NA,"SKJ","SKIPJACK TUNA",36
1991,"L","EP",NA,"YFT","YELLOWFIN TUNA",30899
1992,"L","EP",NA,"ALB","ALBACORE",17080
1992,"L","EP",NA,"BET","BIGEYE TUNA",84808
1992,"L","EP",NA,"SKJ","SKIPJACK TUNA",24
1992,"L","EP",NA,"YFT","YELLOWFIN TUNA",18646
1993,"L","EP",NA,"ALB","ALBACORE",11194
1993,"L","EP",NA,"BET","BIGEYE TUNA",72498
1993,"L","EP",NA,"SKJ","SKIPJACK TUNA",61
1993,"L","EP",NA,"YFT","YELLOWFIN TUNA",24009
1994,"L","EP",NA,"ALB","ALBACORE",10390
1994,"L","EP",NA,"BET","BIGEYE TUNA",71360
1994,"L","EP",NA,"SKJ","SKIPJACK TUNA",73
1994,"L","EP",NA,"YFT","YELLOWFIN TUNA",30026
1995,"L","EP",NA,"ALB","ALBACORE",6185
1995,"L","EP",NA,"BET","BIGEYE TUNA",58269
1995,"L","EP",NA,"SKJ","SKIPJACK TUNA",77
1995,"L","EP",NA,"YFT","YELLOWFIN TUNA",20596
1996,"L","EP",NA,"ALB","ALBACORE",7631
1996,"L","EP",NA,"BET","BIGEYE TUNA",46958
1996,"L","EP",NA,"SKJ","SKIPJACK TUNA",52
1996,"L","EP",NA,"YFT","YELLOWFIN TUNA",16608
1997,"L","EP",NA,"ALB","ALBACORE",9678
1997,"L","EP",NA,"BET","BIGEYE TUNA",52580
1997,"L","EP",NA,"SKJ","SKIPJACK TUNA",135
1997,"L","EP",NA,"YFT","YELLOWFIN TUNA",22163
1998,"L","EP",NA,"ALB","ALBACORE",12635
1998,"L","EP",NA,"BET","BIGEYE TUNA",46375
1998,"L","EP",NA,"SKJ","SKIPJACK TUNA",294
1998,"L","EP",NA,"YFT","YELLOWFIN TUNA",15336
1999,"L","EP",NA,"ALB","ALBACORE",11633
1999,"L","EP",NA,"BET","BIGEYE TUNA",36450
1999,"L","EP",NA,"SKJ","SKIPJACK TUNA",201
1999,"L","EP",NA,"YFT","YELLOWFIN TUNA",11682
2000,"L","EP",NA,"ALB","ALBACORE",9663
2000,"L","EP",NA,"BET","BIGEYE TUNA",47605
2000,"L","EP",NA,"SKJ","SKIPJACK TUNA",68
2000,"L","EP",NA,"YFT","YELLOWFIN TUNA",23855
2001,"L","EP",NA,"ALB","ALBACORE",19410
2001,"L","EP",NA,"BET","BIGEYE TUNA",68755
2001,"L","EP",NA,"SKJ","SKIPJACK TUNA",1214
2001,"L","EP",NA,"YFT","YELLOWFIN TUNA",29608
2002,"L","EP",NA,"ALB","ALBACORE",15289
2002,"L","EP",NA,"BET","BIGEYE TUNA",74424
2002,"L","EP",NA,"SKJ","SKIPJACK TUNA",261
2002,"L","EP",NA,"YFT","YELLOWFIN TUNA",25531
2003,"L","EP",NA,"ALB","ALBACORE",24901
2003,"L","EP",NA,"BET","BIGEYE TUNA",59776
2003,"L","EP",NA,"SKJ","SKIPJACK TUNA",634
2003,"L","EP",NA,"YFT","YELLOWFIN TUNA",25174
2004,"L","EP",NA,"ALB","ALBACORE",18444
2004,"L","EP",NA,"BET","BIGEYE TUNA",43483
2004,"L","EP",NA,"SKJ","SKIPJACK TUNA",713
2004,"L","EP",NA,"YFT","YELLOWFIN TUNA",18779
2005,"L","EP",NA,"ALB","ALBACORE",9350
2005,"L","EP",NA,"BET","BIGEYE TUNA",40694
2005,"L","EP",NA,"SKJ","SKIPJACK TUNA",231
2005,"L","EP",NA,"YFT","YELLOWFIN TUNA",11946
2006,"L","EP",NA,"ALB","ALBACORE",13832
2006,"L","EP",NA,"BET","BIGEYE TUNA",31771
2006,"L","EP",NA,"SKJ","SKIPJACK TUNA",224
2006,"L","EP",NA,"YFT","YELLOWFIN TUNA",10209
2007,"L","EP",NA,"ALB","ALBACORE",11107
2007,"L","EP",NA,"BET","BIGEYE TUNA",29876
2007,"L","EP",NA,"SKJ","SKIPJACK TUNA",238
2007,"L","EP",NA,"YFT","YELLOWFIN TUNA",8065
2008,"L","EP",NA,"ALB","ALBACORE",9218
2008,"L","EP",NA,"BET","BIGEYE TUNA",26207
2008,"L","EP",NA,"SKJ","SKIPJACK TUNA",1185
2008,"L","EP",NA,"YFT","YELLOWFIN TUNA",9820
2009,"L","EP",NA,"ALB","ALBACORE",12072
2009,"L","EP",NA,"BET","BIGEYE TUNA",31422
2009,"L","EP",NA,"SKJ","SKIPJACK TUNA",1584
2009,"L","EP",NA,"YFT","YELLOWFIN TUNA",10444
2010,"L","EP",NA,"ALB","ALBACORE",14256
2010,"L","EP",NA,"BET","BIGEYE TUNA",37086
2010,"L","EP",NA,"SKJ","SKIPJACK TUNA",1815
2010,"L","EP",NA,"YFT","YELLOWFIN TUNA",8338
2011,"L","EP",NA,"ALB","ALBACORE",16190
2011,"L","EP",NA,"BET","BIGEYE TUNA",32318
2011,"L","EP",NA,"SKJ","SKIPJACK TUNA",1385
2011,"L","EP",NA,"YFT","YELLOWFIN TUNA",8048
2012,"L","EP",NA,"ALB","ALBACORE",24196
2012,"L","EP",NA,"BET","BIGEYE TUNA",35911
2012,"L","EP",NA,"SKJ","SKIPJACK TUNA",2381
2012,"L","EP",NA,"YFT","YELLOWFIN TUNA",12953
2013,"L","EP",NA,"ALB","ALBACORE",25397
2013,"L","EP",NA,"BET","BIGEYE TUNA",36081
2013,"L","EP",NA,"SKJ","SKIPJACK TUNA",2027
2013,"L","EP",NA,"YFT","YELLOWFIN TUNA",10781
2014,"L","EP",NA,"ALB","ALBACORE",29231
2014,"L","EP",NA,"BET","BIGEYE TUNA",35355
2014,"L","EP",NA,"SKJ","SKIPJACK TUNA",195
2014,"L","EP",NA,"YFT","YELLOWFIN TUNA",8649
2015,"L","EP",NA,"ALB","ALBACORE",28938
2015,"L","EP",NA,"BET","BIGEYE TUNA",41709
2015,"L","EP",NA,"SKJ","SKIPJACK TUNA",188
2015,"L","EP",NA,"YFT","YELLOWFIN TUNA",10621
2016,"L","EP",NA,"ALB","ALBACORE",26777
2016,"L","EP",NA,"BET","BIGEYE TUNA",35656
2016,"L","EP",NA,"SKJ","SKIPJACK TUNA",213
2016,"L","EP",NA,"YFT","YELLOWFIN TUNA",9803
2017,"L","EP",NA,"ALB","ALBACORE",26592
2017,"L","EP",NA,"BET","BIGEYE TUNA",35650
2017,"L","EP",NA,"SKJ","SKIPJACK TUNA",186
2017,"L","EP",NA,"YFT","YELLOWFIN TUNA",10640
2018,"L","EP",NA,"ALB","ALBACORE",25759
2018,"L","EP",NA,"BET","BIGEYE TUNA",29786
2018,"L","EP",NA,"SKJ","SKIPJACK TUNA",1221
2018,"L","EP",NA,"YFT","YELLOWFIN TUNA",12573
2019,"L","EP",NA,"ALB","ALBACORE",20812
2019,"L","EP",NA,"BET","BIGEYE TUNA",27786
2019,"L","EP",NA,"SKJ","SKIPJACK TUNA",263
2019,"L","EP",NA,"YFT","YELLOWFIN TUNA",11917
2020,"L","EP",NA,"ALB","ALBACORE",19993
2020,"L","EP",NA,"BET","BIGEYE TUNA",25964
2020,"L","EP",NA,"SKJ","SKIPJACK TUNA",268
2020,"L","EP",NA,"YFT","YELLOWFIN TUNA",11583
2021,"L","EP",NA,"ALB","ALBACORE",31471
2021,"L","EP",NA,"BET","BIGEYE TUNA",21968
2021,"L","EP",NA,"SKJ","SKIPJACK TUNA",227
2021,"L","EP",NA,"YFT","YELLOWFIN TUNA",9510
2022,"L","EP",NA,"ALB","ALBACORE",31800
2022,"L","EP",NA,"BET","BIGEYE TUNA",20684
2022,"L","EP",NA,"SKJ","SKIPJACK TUNA",199
2022,"L","EP",NA,"YFT","YELLOWFIN TUNA",6655
1950,"S","EP",NA,"SKJ","SKIPJACK TUNA",5741
1950,"S","EP",NA,"YFT","YELLOWFIN TUNA",15856
1951,"S","EP",NA,"SKJ","SKIPJACK TUNA",5790
1951,"S","EP",NA,"YFT","YELLOWFIN TUNA",6598
1952,"S","EP",NA,"SKJ","SKIPJACK TUNA",4806
1952,"S","EP",NA,"YFT","YELLOWFIN TUNA",13735
1953,"S","EP",NA,"SKJ","SKIPJACK TUNA",5171
1953,"S","EP",NA,"YFT","YELLOWFIN TUNA",16121
1954,"S","EP",NA,"SKJ","SKIPJACK TUNA",8519
1954,"S","EP",NA,"YFT","YELLOWFIN TUNA",7625
1955,"S","EP",NA,"SKJ","SKIPJACK TUNA",6503
1955,"S","EP",NA,"YFT","YELLOWFIN TUNA",13086
1956,"S","EP",NA,"SKJ","SKIPJACK TUNA",3204
1956,"S","EP",NA,"YFT","YELLOWFIN TUNA",21470
1957,"S","EP",NA,"SKJ","SKIPJACK TUNA",873
1957,"S","EP",NA,"YFT","YELLOWFIN TUNA",15544
1958,"S","EP",NA,"SKJ","SKIPJACK TUNA",5481
1958,"S","EP",NA,"YFT","YELLOWFIN TUNA",20560
1959,"S","EP",NA,"BET","BIGEYE TUNA",1
1959,"S","EP",NA,"SKJ","SKIPJACK TUNA",17957
1959,"S","EP",NA,"YFT","YELLOWFIN TUNA",30050
1960,"S","EP",NA,"BET","BIGEYE TUNA",24
1960,"S","EP",NA,"SKJ","SKIPJACK TUNA",16649
1960,"S","EP",NA,"YFT","YELLOWFIN TUNA",79425
1961,"S","EP",NA,"BET","BIGEYE TUNA",105
1961,"S","EP",NA,"SKJ","SKIPJACK TUNA",45706
1961,"S","EP",NA,"YFT","YELLOWFIN TUNA",80058
1962,"S","EP",NA,"BET","BIGEYE TUNA",302
1962,"S","EP",NA,"SKJ","SKIPJACK TUNA",58939
1962,"S","EP",NA,"YFT","YELLOWFIN TUNA",56271
1963,"S","EP",NA,"SKJ","SKIPJACK TUNA",82404
1963,"S","EP",NA,"YFT","YELLOWFIN TUNA",48004
1964,"S","EP",NA,"SKJ","SKIPJACK TUNA",51759
1964,"S","EP",NA,"YFT","YELLOWFIN TUNA",78318
1965,"S","EP",NA,"SKJ","SKIPJACK TUNA",64056
1965,"S","EP",NA,"YFT","YELLOWFIN TUNA",65348
1966,"S","EP",NA,"BET","BIGEYE TUNA",210
1966,"S","EP",NA,"SKJ","SKIPJACK TUNA",50264
1966,"S","EP",NA,"YFT","YELLOWFIN TUNA",68982
1967,"S","EP",NA,"BET","BIGEYE TUNA",1697
1967,"S","EP",NA,"SKJ","SKIPJACK TUNA",104928
1967,"S","EP",NA,"YFT","YELLOWFIN TUNA",65442
1968,"S","EP",NA,"BET","BIGEYE TUNA",4618
1968,"S","EP",NA,"SKJ","SKIPJACK TUNA",59642
1968,"S","EP",NA,"YFT","YELLOWFIN TUNA",86542
1969,"S","EP",NA,"BET","BIGEYE TUNA",1093
1969,"S","EP",NA,"SKJ","SKIPJACK TUNA",46020
1969,"S","EP",NA,"YFT","YELLOWFIN TUNA",113665
1970,"S","EP",NA,"BET","BIGEYE TUNA",2411
1970,"S","EP",NA,"SKJ","SKIPJACK TUNA",47466
1970,"S","EP",NA,"YFT","YELLOWFIN TUNA",139385
1971,"S","EP",NA,"BET","BIGEYE TUNA",4359
1971,"S","EP",NA,"SKJ","SKIPJACK TUNA",94502
1971,"S","EP",NA,"YFT","YELLOWFIN TUNA",104863
1972,"S","EP",NA,"BET","BIGEYE TUNA",3971
1972,"S","EP",NA,"SKJ","SKIPJACK TUNA",29804
1972,"S","EP",NA,"YFT","YELLOWFIN TUNA",164297
1973,"S","EP",NA,"BET","BIGEYE TUNA",3342
1973,"S","EP",NA,"SKJ","SKIPJACK TUNA",39247
1973,"S","EP",NA,"YFT","YELLOWFIN TUNA",194200
1974,"S","EP",NA,"BET","BIGEYE TUNA",1554
1974,"S","EP",NA,"SKJ","SKIPJACK TUNA",79418
1974,"S","EP",NA,"YFT","YELLOWFIN TUNA",191626
1975,"S","EP",NA,"BET","BIGEYE TUNA",6574
1975,"S","EP",NA,"SKJ","SKIPJACK TUNA",120358
1975,"S","EP",NA,"YFT","YELLOWFIN TUNA",183028
1976,"S","EP",NA,"BET","BIGEYE TUNA",17212
1976,"S","EP",NA,"SKJ","SKIPJACK TUNA",124957
1976,"S","EP",NA,"YFT","YELLOWFIN TUNA",215108
1977,"S","EP",NA,"BET","BIGEYE TUNA",11161
1977,"S","EP",NA,"SKJ","SKIPJACK TUNA",84603
1977,"S","EP",NA,"YFT","YELLOWFIN TUNA",184922
1978,"S","EP",NA,"BET","BIGEYE TUNA",18539
1978,"S","EP",NA,"SKJ","SKIPJACK TUNA",172294
1978,"S","EP",NA,"YFT","YELLOWFIN TUNA",158801
1979,"S","EP",NA,"BET","BIGEYE TUNA",12097
1979,"S","EP",NA,"SKJ","SKIPJACK TUNA",133695
1979,"S","EP",NA,"YFT","YELLOWFIN TUNA",170650
1980,"S","EP",NA,"BET","BIGEYE TUNA",21938
1980,"S","EP",NA,"SKJ","SKIPJACK TUNA",130912
1980,"S","EP",NA,"YFT","YELLOWFIN TUNA",143042
1981,"S","EP",NA,"BET","BIGEYE TUNA",14921
1981,"S","EP",NA,"SKJ","SKIPJACK TUNA",119165
1981,"S","EP",NA,"YFT","YELLOWFIN TUNA",168234
1982,"S","EP",NA,"BET","BIGEYE TUNA",6939
1982,"S","EP",NA,"SKJ","SKIPJACK TUNA",100499
1982,"S","EP",NA,"YFT","YELLOWFIN TUNA",114755
1983,"S","EP",NA,"BET","BIGEYE TUNA",4575
1983,"S","EP",NA,"SKJ","SKIPJACK TUNA",56851
1983,"S","EP",NA,"YFT","YELLOWFIN TUNA",83929
1984,"S","EP",NA,"BET","BIGEYE TUNA",8861
1984,"S","EP",NA,"SKJ","SKIPJACK TUNA",59859
1984,"S","EP",NA,"YFT","YELLOWFIN TUNA",135785
1985,"S","EP",NA,"BET","BIGEYE TUNA",6056
1985,"S","EP",NA,"SKJ","SKIPJACK TUNA",50829
1985,"S","EP",NA,"YFT","YELLOWFIN TUNA",211459
1986,"S","EP",NA,"BET","BIGEYE TUNA",2686
1986,"S","EP",NA,"SKJ","SKIPJACK TUNA",65634
1986,"S","EP",NA,"YFT","YELLOWFIN TUNA",260512
1987,"S","EP",NA,"BET","BIGEYE TUNA",1177
1987,"S","EP",NA,"SKJ","SKIPJACK TUNA",64019
1987,"S","EP",NA,"YFT","YELLOWFIN TUNA",262008
1988,"S","EP",NA,"BET","BIGEYE TUNA",1535
1988,"S","EP",NA,"SKJ","SKIPJACK TUNA",87113
1988,"S","EP",NA,"YFT","YELLOWFIN TUNA",277293
1989,"S","EP",NA,"BET","BIGEYE TUNA",2030
1989,"S","EP",NA,"SKJ","SKIPJACK TUNA",94934
1989,"S","EP",NA,"YFT","YELLOWFIN TUNA",277996
1990,"S","EP",NA,"BET","BIGEYE TUNA",5921
1990,"S","EP",NA,"SKJ","SKIPJACK TUNA",74369
1990,"S","EP",NA,"YFT","YELLOWFIN TUNA",263253
1991,"S","EP",NA,"BET","BIGEYE TUNA",4870
1991,"S","EP",NA,"SKJ","SKIPJACK TUNA",62228
1991,"S","EP",NA,"YFT","YELLOWFIN TUNA",231257
1992,"S","EP",NA,"BET","BIGEYE TUNA",7179
1992,"S","EP",NA,"SKJ","SKIPJACK TUNA",84283
1992,"S","EP",NA,"YFT","YELLOWFIN TUNA",228121
1993,"S","EP",NA,"BET","BIGEYE TUNA",9657
1993,"S","EP",NA,"SKJ","SKIPJACK TUNA",83830
1993,"S","EP",NA,"YFT","YELLOWFIN TUNA",219492
1994,"S","EP",NA,"BET","BIGEYE TUNA",34899
1994,"S","EP",NA,"SKJ","SKIPJACK TUNA",70126
1994,"S","EP",NA,"YFT","YELLOWFIN TUNA",208408
1995,"S","EP",NA,"BET","BIGEYE TUNA",45321
1995,"S","EP",NA,"SKJ","SKIPJACK TUNA",127047
1995,"S","EP",NA,"YFT","YELLOWFIN TUNA",215434
1996,"S","EP",NA,"BET","BIGEYE TUNA",61311
1996,"S","EP",NA,"SKJ","SKIPJACK TUNA",103973
1996,"S","EP",NA,"YFT","YELLOWFIN TUNA",238607
1997,"S","EP",NA,"BET","BIGEYE TUNA",64272
1997,"S","EP",NA,"SKJ","SKIPJACK TUNA",153456
1997,"S","EP",NA,"YFT","YELLOWFIN TUNA",244878
1998,"S","EP",NA,"BET","BIGEYE TUNA",44129
1998,"S","EP",NA,"SKJ","SKIPJACK TUNA",140631
1998,"S","EP",NA,"YFT","YELLOWFIN TUNA",253959
1999,"S","EP",NA,"BET","BIGEYE TUNA",51158
1999,"S","EP",NA,"SKJ","SKIPJACK TUNA",261565
1999,"S","EP",NA,"YFT","YELLOWFIN TUNA",281920
2000,"S","EP",NA,"ALB","ALBACORE",71
2000,"S","EP",NA,"BET","BIGEYE TUNA",94640
2000,"S","EP",NA,"SKJ","SKIPJACK TUNA",204307
2000,"S","EP",NA,"YFT","YELLOWFIN TUNA",255231
2001,"S","EP",NA,"ALB","ALBACORE",3
2001,"S","EP",NA,"BET","BIGEYE TUNA",61156
2001,"S","EP",NA,"SKJ","SKIPJACK TUNA",143561
2001,"S","EP",NA,"YFT","YELLOWFIN TUNA",382702
2002,"S","EP",NA,"ALB","ALBACORE",31
2002,"S","EP",NA,"BET","BIGEYE TUNA",57440
2002,"S","EP",NA,"SKJ","SKIPJACK TUNA",153303
2002,"S","EP",NA,"YFT","YELLOWFIN TUNA",412507
2003,"S","EP",NA,"ALB","ALBACORE",34
2003,"S","EP",NA,"BET","BIGEYE TUNA",54174
2003,"S","EP",NA,"SKJ","SKIPJACK TUNA",274529
2003,"S","EP",NA,"YFT","YELLOWFIN TUNA",381107
2004,"S","EP",NA,"ALB","ALBACORE",105
2004,"S","EP",NA,"BET","BIGEYE TUNA",67592
2004,"S","EP",NA,"SKJ","SKIPJACK TUNA",198664
2004,"S","EP",NA,"YFT","YELLOWFIN TUNA",269597
2005,"S","EP",NA,"ALB","ALBACORE",2
2005,"S","EP",NA,"BET","BIGEYE TUNA",67895
2005,"S","EP",NA,"SKJ","SKIPJACK TUNA",263229
2005,"S","EP",NA,"YFT","YELLOWFIN TUNA",268102
2006,"S","EP",NA,"ALB","ALBACORE",109
2006,"S","EP",NA,"BET","BIGEYE TUNA",83837
2006,"S","EP",NA,"SKJ","SKIPJACK TUNA",296269
2006,"S","EP",NA,"YFT","YELLOWFIN TUNA",166629
2007,"S","EP",NA,"ALB","ALBACORE",187
2007,"S","EP",NA,"BET","BIGEYE TUNA",63451
2007,"S","EP",NA,"SKJ","SKIPJACK TUNA",208296
2007,"S","EP",NA,"YFT","YELLOWFIN TUNA",170016
2008,"S","EP",NA,"ALB","ALBACORE",49
2008,"S","EP",NA,"BET","BIGEYE TUNA",75028
2008,"S","EP",NA,"SKJ","SKIPJACK TUNA",296603
2008,"S","EP",NA,"YFT","YELLOWFIN TUNA",185057
2009,"S","EP",NA,"ALB","ALBACORE",59
2009,"S","EP",NA,"BET","BIGEYE TUNA",76800
2009,"S","EP",NA,"SKJ","SKIPJACK TUNA",230527
2009,"S","EP",NA,"YFT","YELLOWFIN TUNA",236771
2010,"S","EP",NA,"ALB","ALBACORE",25
2010,"S","EP",NA,"BET","BIGEYE TUNA",57753
2010,"S","EP",NA,"SKJ","SKIPJACK TUNA",147192
2010,"S","EP",NA,"YFT","YELLOWFIN TUNA",251008
2011,"S","EP",NA,"ALB","ALBACORE",10
2011,"S","EP",NA,"BET","BIGEYE TUNA",56512
2011,"S","EP",NA,"SKJ","SKIPJACK TUNA",276035
2011,"S","EP",NA,"YFT","YELLOWFIN TUNA",206851
2012,"S","EP",NA,"BET","BIGEYE TUNA",66020
2012,"S","EP",NA,"SKJ","SKIPJACK TUNA",266215
2012,"S","EP",NA,"YFT","YELLOWFIN TUNA",198017
2013,"S","EP",NA,"BET","BIGEYE TUNA",52524
2013,"S","EP",NA,"SKJ","SKIPJACK TUNA",272500
2013,"S","EP",NA,"YFT","YELLOWFIN TUNA",220038
2014,"S","EP",NA,"BET","BIGEYE TUNA",54495
2014,"S","EP",NA,"SKJ","SKIPJACK TUNA",261977
2014,"S","EP",NA,"YFT","YELLOWFIN TUNA",241158
2015,"S","EP",NA,"BET","BIGEYE TUNA",62913
2015,"S","EP",NA,"SKJ","SKIPJACK TUNA",328907
2015,"S","EP",NA,"YFT","YELLOWFIN TUNA",245727
2016,"S","EP",NA,"BET","BIGEYE TUNA",56731
2016,"S","EP",NA,"SKJ","SKIPJACK TUNA",337562
2016,"S","EP",NA,"YFT","YELLOWFIN TUNA",242118
2017,"S","EP",NA,"BET","BIGEYE TUNA",66973
2017,"S","EP",NA,"SKJ","SKIPJACK TUNA",324759
2017,"S","EP",NA,"YFT","YELLOWFIN TUNA",210981
2018,"S","EP",NA,"ALB","ALBACORE",8
2018,"S","EP",NA,"BET","BIGEYE TUNA",64522
2018,"S","EP",NA,"SKJ","SKIPJACK TUNA",288820
2018,"S","EP",NA,"YFT","YELLOWFIN TUNA",238981
2019,"S","EP",NA,"BET","BIGEYE TUNA",69224
2019,"S","EP",NA,"SKJ","SKIPJACK TUNA",347405
2019,"S","EP",NA,"YFT","YELLOWFIN TUNA",228313
2020,"S","EP",NA,"BET","BIGEYE TUNA",78784
2020,"S","EP",NA,"SKJ","SKIPJACK TUNA",295961
2020,"S","EP",NA,"YFT","YELLOWFIN TUNA",218749
2021,"S","EP",NA,"BET","BIGEYE TUNA",57674
2021,"S","EP",NA,"SKJ","SKIPJACK TUNA",325020
2021,"S","EP",NA,"YFT","YELLOWFIN TUNA",253484
2022,"S","EP",NA,"BET","BIGEYE TUNA",57674
2022,"S","EP",NA,"SKJ","SKIPJACK TUNA",325020
2022,"S","EP",NA,"YFT","YELLOWFIN TUNA",253484
1971,"P","EP",NA,"ALB","ALBACORE",2414
1971,"P","EP",NA,"BET","BIGEYE TUNA",75
1971,"P","EP",NA,"SKJ","SKIPJACK TUNA",11679
1971,"P","EP",NA,"YFT","YELLOWFIN TUNA",5300
1972,"P","EP",NA,"ALB","ALBACORE",4380
1972,"P","EP",NA,"BET","BIGEYE TUNA",126
1972,"P","EP",NA,"SKJ","SKIPJACK TUNA",6556
1972,"P","EP",NA,"YFT","YELLOWFIN TUNA",6060
1973,"P","EP",NA,"ALB","ALBACORE",2316
1973,"P","EP",NA,"BET","BIGEYE TUNA",236
1973,"P","EP",NA,"SKJ","SKIPJACK TUNA",9135
1973,"P","EP",NA,"YFT","YELLOWFIN TUNA",3933
1974,"P","EP",NA,"ALB","ALBACORE",4783
1974,"P","EP",NA,"SKJ","SKIPJACK TUNA",7629
1974,"P","EP",NA,"YFT","YELLOWFIN TUNA",8188
1975,"P","EP",NA,"ALB","ALBACORE",3332
1975,"P","EP",NA,"BET","BIGEYE TUNA",36
1975,"P","EP",NA,"SKJ","SKIPJACK TUNA",13848
1975,"P","EP",NA,"YFT","YELLOWFIN TUNA",5629
1976,"P","EP",NA,"ALB","ALBACORE",3456
1976,"P","EP",NA,"BET","BIGEYE TUNA",75
1976,"P","EP",NA,"SKJ","SKIPJACK TUNA",11256
1976,"P","EP",NA,"YFT","YELLOWFIN TUNA",3280
1977,"P","EP",NA,"ALB","ALBACORE",1960
1977,"P","EP",NA,"BET","BIGEYE TUNA",2
1977,"P","EP",NA,"SKJ","SKIPJACK TUNA",7522
1977,"P","EP",NA,"YFT","YELLOWFIN TUNA",1841
1978,"P","EP",NA,"ALB","ALBACORE",1577
1978,"P","EP",NA,"SKJ","SKIPJACK TUNA",6047
1978,"P","EP",NA,"YFT","YELLOWFIN TUNA",3888
1979,"P","EP",NA,"ALB","ALBACORE",179
1979,"P","EP",NA,"SKJ","SKIPJACK TUNA",6346
1979,"P","EP",NA,"YFT","YELLOWFIN TUNA",4789
1980,"P","EP",NA,"ALB","ALBACORE",407
1980,"P","EP",NA,"SKJ","SKIPJACK TUNA",5225
1980,"P","EP",NA,"YFT","YELLOWFIN TUNA",1481
1981,"P","EP",NA,"ALB","ALBACORE",608
1981,"P","EP",NA,"SKJ","SKIPJACK TUNA",5906
1981,"P","EP",NA,"YFT","YELLOWFIN TUNA",1477
1982,"P","EP",NA,"ALB","ALBACORE",198
1982,"P","EP",NA,"BET","BIGEYE TUNA",42
1982,"P","EP",NA,"SKJ","SKIPJACK TUNA",3760
1982,"P","EP",NA,"YFT","YELLOWFIN TUNA",1538
1983,"P","EP",NA,"ALB","ALBACORE",449
1983,"P","EP",NA,"BET","BIGEYE TUNA",39
1983,"P","EP",NA,"SKJ","SKIPJACK TUNA",4387
1983,"P","EP",NA,"YFT","YELLOWFIN TUNA",4007
1984,"P","EP",NA,"ALB","ALBACORE",1441
1984,"P","EP",NA,"BET","BIGEYE TUNA",2
1984,"P","EP",NA,"SKJ","SKIPJACK TUNA",2884
1984,"P","EP",NA,"YFT","YELLOWFIN TUNA",2991
1985,"P","EP",NA,"ALB","ALBACORE",877
1985,"P","EP",NA,"BET","BIGEYE TUNA",2
1985,"P","EP",NA,"SKJ","SKIPJACK TUNA",946
1985,"P","EP",NA,"YFT","YELLOWFIN TUNA",1070
1986,"P","EP",NA,"ALB","ALBACORE",86
1986,"P","EP",NA,"SKJ","SKIPJACK TUNA",1921
1986,"P","EP",NA,"YFT","YELLOWFIN TUNA",2537
1950,"P","EP",NA,"SKJ","SKIPJACK TUNA",49534
1950,"P","EP",NA,"YFT","YELLOWFIN TUNA",65921
1951,"P","EP",NA,"SKJ","SKIPJACK TUNA",45617
1951,"P","EP",NA,"YFT","YELLOWFIN TUNA",65499
1952,"P","EP",NA,"SKJ","SKIPJACK TUNA",32724
1952,"P","EP",NA,"YFT","YELLOWFIN TUNA",66108
1953,"P","EP",NA,"SKJ","SKIPJACK TUNA",50812
1953,"P","EP",NA,"YFT","YELLOWFIN TUNA",43920
1954,"P","EP",NA,"SKJ","SKIPJACK TUNA",61221
1954,"P","EP",NA,"YFT","YELLOWFIN TUNA",46541
1955,"P","EP",NA,"SKJ","SKIPJACK TUNA",51558
1955,"P","EP",NA,"YFT","YELLOWFIN TUNA",50811
1956,"P","EP",NA,"SKJ","SKIPJACK TUNA",64971
1956,"P","EP",NA,"YFT","YELLOWFIN TUNA",58828
1957,"P","EP",NA,"SKJ","SKIPJACK TUNA",54414
1957,"P","EP",NA,"YFT","YELLOWFIN TUNA",58402
1958,"P","EP",NA,"SKJ","SKIPJACK TUNA",67594
1958,"P","EP",NA,"YFT","YELLOWFIN TUNA",46776
1959,"P","EP",NA,"SKJ","SKIPJACK TUNA",60853
1959,"P","EP",NA,"YFT","YELLOWFIN TUNA",27441
1960,"P","EP",NA,"ALB","ALBACORE",2518
1960,"P","EP",NA,"SKJ","SKIPJACK TUNA",28929
1960,"P","EP",NA,"YFT","YELLOWFIN TUNA",22151
1961,"P","EP",NA,"ALB","ALBACORE",1633
1961,"P","EP",NA,"BET","BIGEYE TUNA",106
1961,"P","EP",NA,"SKJ","SKIPJACK TUNA",28995
1961,"P","EP",NA,"YFT","YELLOWFIN TUNA",15220
1962,"P","EP",NA,"ALB","ALBACORE",939
1962,"P","EP",NA,"BET","BIGEYE TUNA",318
1962,"P","EP",NA,"SKJ","SKIPJACK TUNA",17660
1962,"P","EP",NA,"YFT","YELLOWFIN TUNA",11052
1963,"P","EP",NA,"ALB","ALBACORE",2203
1963,"P","EP",NA,"BET","BIGEYE TUNA",140
1963,"P","EP",NA,"SKJ","SKIPJACK TUNA",17138
1963,"P","EP",NA,"YFT","YELLOWFIN TUNA",7041
1964,"P","EP",NA,"ALB","ALBACORE",3185
1964,"P","EP",NA,"BET","BIGEYE TUNA",127
1964,"P","EP",NA,"SKJ","SKIPJACK TUNA",10306
1964,"P","EP",NA,"YFT","YELLOWFIN TUNA",3989
1965,"P","EP",NA,"ALB","ALBACORE",397
1965,"P","EP",NA,"BET","BIGEYE TUNA",231
1965,"P","EP",NA,"SKJ","SKIPJACK TUNA",19867
1965,"P","EP",NA,"YFT","YELLOWFIN TUNA",6983
1966,"P","EP",NA,"ALB","ALBACORE",1922
1966,"P","EP",NA,"BET","BIGEYE TUNA",292
1966,"P","EP",NA,"SKJ","SKIPJACK TUNA",14083
1966,"P","EP",NA,"YFT","YELLOWFIN TUNA",5302
1967,"P","EP",NA,"ALB","ALBACORE",3495
1967,"P","EP",NA,"BET","BIGEYE TUNA",1305
1967,"P","EP",NA,"SKJ","SKIPJACK TUNA",18016
1967,"P","EP",NA,"YFT","YELLOWFIN TUNA",4512
1968,"P","EP",NA,"ALB","ALBACORE",4339
1968,"P","EP",NA,"BET","BIGEYE TUNA",115
1968,"P","EP",NA,"SKJ","SKIPJACK TUNA",7340
1968,"P","EP",NA,"YFT","YELLOWFIN TUNA",4307
1969,"P","EP",NA,"ALB","ALBACORE",2936
1969,"P","EP",NA,"SKJ","SKIPJACK TUNA",6970
1969,"P","EP",NA,"YFT","YELLOWFIN TUNA",7195
1970,"P","EP",NA,"ALB","ALBACORE",4407
1970,"P","EP",NA,"SKJ","SKIPJACK TUNA",7470
1970,"P","EP",NA,"YFT","YELLOWFIN TUNA",4260
1987,"P","EP",NA,"ALB","ALBACORE",320
1987,"P","EP",NA,"SKJ","SKIPJACK TUNA",2233
1987,"P","EP",NA,"YFT","YELLOWFIN TUNA",5107
1988,"P","EP",NA,"ALB","ALBACORE",271
1988,"P","EP",NA,"BET","BIGEYE TUNA",5
1988,"P","EP",NA,"SKJ","SKIPJACK TUNA",4325
1988,"P","EP",NA,"YFT","YELLOWFIN TUNA",3723
1989,"P","EP",NA,"ALB","ALBACORE",21
1989,"P","EP",NA,"SKJ","SKIPJACK TUNA",2940
1989,"P","EP",NA,"YFT","YELLOWFIN TUNA",4145
1990,"P","EP",NA,"ALB","ALBACORE",170
1990,"P","EP",NA,"SKJ","SKIPJACK TUNA",823
1990,"P","EP",NA,"YFT","YELLOWFIN TUNA",2676
1991,"P","EP",NA,"ALB","ALBACORE",834
1991,"P","EP",NA,"BET","BIGEYE TUNA",31
1991,"P","EP",NA,"SKJ","SKIPJACK TUNA",1717
1991,"P","EP",NA,"YFT","YELLOWFIN TUNA",2856
1992,"P","EP",NA,"ALB","ALBACORE",255
1992,"P","EP",NA,"SKJ","SKIPJACK TUNA",1957
1992,"P","EP",NA,"YFT","YELLOWFIN TUNA",3789
1993,"P","EP",NA,"ALB","ALBACORE",1
1993,"P","EP",NA,"SKJ","SKIPJACK TUNA",3772
1993,"P","EP",NA,"YFT","YELLOWFIN TUNA",4951
1994,"P","EP",NA,"ALB","ALBACORE",85
1994,"P","EP",NA,"SKJ","SKIPJACK TUNA",3240
1994,"P","EP",NA,"YFT","YELLOWFIN TUNA",3625
1995,"P","EP",NA,"ALB","ALBACORE",465
1995,"P","EP",NA,"SKJ","SKIPJACK TUNA",5253
1995,"P","EP",NA,"YFT","YELLOWFIN TUNA",1268
1996,"P","EP",NA,"ALB","ALBACORE",72
1996,"P","EP",NA,"SKJ","SKIPJACK TUNA",2555
1996,"P","EP",NA,"YFT","YELLOWFIN TUNA",3762
1997,"P","EP",NA,"ALB","ALBACORE",59
1997,"P","EP",NA,"SKJ","SKIPJACK TUNA",3260
1997,"P","EP",NA,"YFT","YELLOWFIN TUNA",4418
1998,"P","EP",NA,"ALB","ALBACORE",81
1998,"P","EP",NA,"SKJ","SKIPJACK TUNA",1684
1998,"P","EP",NA,"YFT","YELLOWFIN TUNA",5085
1999,"P","EP",NA,"ALB","ALBACORE",227
1999,"P","EP",NA,"SKJ","SKIPJACK TUNA",2044
1999,"P","EP",NA,"YFT","YELLOWFIN TUNA",1783
2000,"P","EP",NA,"ALB","ALBACORE",86
2000,"P","EP",NA,"SKJ","SKIPJACK TUNA",231
2000,"P","EP",NA,"YFT","YELLOWFIN TUNA",2431
2001,"P","EP",NA,"ALB","ALBACORE",157
2001,"P","EP",NA,"SKJ","SKIPJACK TUNA",448
2001,"P","EP",NA,"YFT","YELLOWFIN TUNA",3916
2002,"P","EP",NA,"ALB","ALBACORE",381
2002,"P","EP",NA,"SKJ","SKIPJACK TUNA",616
2002,"P","EP",NA,"YFT","YELLOWFIN TUNA",950
2003,"P","EP",NA,"ALB","ALBACORE",59
2003,"P","EP",NA,"SKJ","SKIPJACK TUNA",638
2003,"P","EP",NA,"YFT","YELLOWFIN TUNA",470
2004,"P","EP",NA,"ALB","ALBACORE",126
2004,"P","EP",NA,"SKJ","SKIPJACK TUNA",528
2004,"P","EP",NA,"YFT","YELLOWFIN TUNA",1884
2005,"P","EP",NA,"ALB","ALBACORE",66
2005,"P","EP",NA,"SKJ","SKIPJACK TUNA",1300
2005,"P","EP",NA,"YFT","YELLOWFIN TUNA",1821
2006,"P","EP",NA,"ALB","ALBACORE",1
2006,"P","EP",NA,"SKJ","SKIPJACK TUNA",435
2006,"P","EP",NA,"YFT","YELLOWFIN TUNA",686
2007,"P","EP",NA,"ALB","ALBACORE",21
2007,"P","EP",NA,"SKJ","SKIPJACK TUNA",276
2007,"P","EP",NA,"YFT","YELLOWFIN TUNA",894
2008,"P","EP",NA,"ALB","ALBACORE",1050
2008,"P","EP",NA,"SKJ","SKIPJACK TUNA",501
2008,"P","EP",NA,"YFT","YELLOWFIN TUNA",812
2009,"P","EP",NA,"ALB","ALBACORE",2218
2009,"P","EP",NA,"SKJ","SKIPJACK TUNA",151
2009,"P","EP",NA,"YFT","YELLOWFIN TUNA",709
2010,"P","EP",NA,"SKJ","SKIPJACK TUNA",47
2010,"P","EP",NA,"YFT","YELLOWFIN TUNA",460
2011,"P","EP",NA,"SKJ","SKIPJACK TUNA",24
2011,"P","EP",NA,"YFT","YELLOWFIN TUNA",276
2012,"P","EP",NA,"SKJ","SKIPJACK TUNA",303
2012,"P","EP",NA,"YFT","YELLOWFIN TUNA",400
2013,"P","EP",NA,"SKJ","SKIPJACK TUNA",167
2013,"P","EP",NA,"YFT","YELLOWFIN TUNA",754
2014,"P","EP",NA,"SKJ","SKIPJACK TUNA",167
2014,"P","EP",NA,"YFT","YELLOWFIN TUNA",754
2015,"P","EP",NA,"SKJ","SKIPJACK TUNA",1
2015,"P","EP",NA,"YFT","YELLOWFIN TUNA",15
2016,"P","EP",NA,"YFT","YELLOWFIN TUNA",5
2017,"P","EP",NA,"YFT","YELLOWFIN TUNA",4
2020,"P","EP",NA,"BET","BIGEYE TUNA",1
2020,"P","EP",NA,"SKJ","SKIPJACK TUNA",2
2020,"P","EP",NA,"YFT","YELLOWFIN TUNA",3
